Platform,Status,Key_Feature,Buzz_Level
Cascade IDE,In Beta,Agent-based coding,8
Zed Editor,Growing Fast,Real-time collaboration,9
Qodo (formerly CodiumAI),Enterprise Focus,Full SDLC coverage,7
Aider,Open Source,Terminal-based AI,6
Supermaven,Acquired by Cursor,Ultra-fast completion,5
Devin AI,Enterprise Only,Autonomous developer,9
OpenHands,Open Source,Multi-agent system,6
Claude Code,Claude Integration,Anthropic powered,8
Tabnine,Established,Code privacy,6
Codeium,Free Tier,No training on code,7
