Course Name,Category,Market Viability,Key Skills,Target Audience,Industry Relevance,Savannah Companies Aligned,SEO and META DATA
Certificate in Human Resource Management:https://catalog.mindedge.com/courses/suites/5/certificate-in-human-resource-management,HR Management,Very High,"Employee Relations, Policy Development, Compliance","HR Professionals, Managers",Critical for organizational talent management,"Gulfstream Aerospace, Georgia-Pacific, Colonial Group - Major employers with 2,900+ employees needing HR certification","Keywords: HR certification Savannah, human resources training Georgia, SHRM certification, HR management courses, employee relations training | Meta: Professional HR certification for Savannah employers | Schema: CourseInstance, EducationalOrganization"
HR Skills: Training and Development:https://catalog.mindedge.com/courses/courses/2102/hr-skills-reg-training-and-development,HR Training,High,"Training Design, Learning Assessment, Development Programs","HR Specialists, Training Coordinators",Essential for workforce development,"Savannah Technical College, Georgia Southern University, Step Up Savannah workforce development programs","Keywords: HR training Savannah, workforce development Georgia, training coordinator certification, learning assessment, employee development | Meta: HR skills development for Savannah workforce programs | Schema: CourseInstance, ProfessionalService"
Finance:https://catalog.mindedge.com/courses/categories/8,Financial Management,Very High,"Financial Analysis, Budgeting, Risk Management","Finance Professionals, Managers",Universal business requirement,"Colonial Group (Energy/Chemicals), East Georgia Regional Medical Center, Walmart corporate - Need financial management training","Keywords: finance certification Savannah, financial management training, budgeting courses Georgia, risk management certification, corporate finance | Meta: Finance training for Savannah business professionals | Schema: CourseInstance, FinancialService"
Banking:https://catalog.mindedge.com/courses/categories/91,Financial Services,High,"Banking Operations, Credit Analysis, Regulatory Compliance","Banking Professionals, Financial Analysts",Critical for financial sector growth,"Regional banks, Colonial Group financial services, credit unions - High demand for banking compliance training","Keywords: banking certification Savannah, financial services training, credit analysis courses, regulatory compliance Georgia, banking operations | Meta: Banking compliance training for Savannah financial sector | Schema: CourseInstance, BankOrCreditUnion"
Business Analysis:https://catalog.mindedge.com/courses/categories/27,Business Intelligence,Very High,"Process Analysis, Requirements Gathering, Data Interpretation","Business Analysts, Project Managers",Essential for digital transformation,"Gulfstream manufacturing, Port of Savannah logistics, SCAD operations - Need process improvement and data analysis","Keywords: business analyst certification Savannah, process improvement training, data interpretation courses, requirements gathering, business intelligence Georgia | Meta: Business analysis training for Savannah logistics and manufacturing | Schema: CourseInstance, DataAnalysis"
Change Management Professional:https://catalog.mindedge.com/courses/courses/2040/change-management-professional,Change Management,Very High,"Change Strategy, Stakeholder Engagement, Implementation Planning, Change Toolkit","Change Managers, Project Leaders, Consultants",Critical for organizational transformation,"Gulfstream Aerospace modernization, Georgia-Pacific operational changes, Colonial Group digital transformation - 176+ change management jobs in Savannah area","Keywords: change management certification Savannah, organizational transformation training, change strategy courses Georgia, stakeholder engagement, change toolkit | Meta: Professional change management certification for Savannah transformation projects | Schema: CourseInstance, OrganizationalChange"
Leading and Managing Change:https://catalog.mindedge.com/courses/courses/38/leading-and-managing-change,Leadership Development,Very High,"Change Leadership, Overcoming Resistance, Team Management, Communication","Managers, Team Leaders, Executives",Essential for dynamic business environment,"Major Savannah employers: Walmart (2,900+ employees), Port of Savannah operations, SCAD institutional changes, healthcare system transformations","Keywords: change leadership training Savannah, managing organizational change Georgia, overcoming resistance courses, team management certification, leadership development | Meta: Change leadership training for Savannah executives and managers | Schema: CourseInstance, LeadershipTraining"
Certificate in Managing Change and Resolving Conflict:https://catalog.mindedge.com/courses/suites/3623/certificate-in-managing-change-and-resolving-conflict,Conflict Resolution,High,"Conflict Management, Mediation, Negotiation, Change Implementation","HR Professionals, Managers, Supervisors",Critical for workplace harmony during transitions,"Savannah Economic Development Authority workforce initiatives, Step Up Savannah programs, regional education collaborative, manufacturing sector transitions","Keywords: conflict resolution training Savannah, mediation certification Georgia, workplace conflict management, negotiation skills, change implementation | Meta: Conflict resolution and change management for Savannah workforce | Schema: CourseInstance, ConflictResolution"
Project Management Skills Certification (PMSCP):https://catalog.mindedge.com/courses/suites/19521/pm-skills-reg-pmscp-reg-certification,Project Management,Very High,"Project Planning, Risk Management, Team Leadership, PMI Certification Prep","Project Managers, Construction Supervisors, Operations Leaders",Essential for infrastructure and development projects,"Port of Savannah expansion projects, Gulfstream facility development, Georgia-Pacific manufacturing improvements - High demand for certified project managers","Keywords: project management certification Savannah, PMP training Georgia, PMI certification prep, project planning courses, construction management | Meta: Project management certification for Savannah infrastructure and development | Schema: CourseInstance, ProjectManagement"
Lean Six Sigma Green Belt Certification:https://catalog.mindedge.com/courses/suites/2976/lean-six-sigma-green-belt-prep-course-and-exam,Quality Management,Very High,"Process Improvement, DMAIC Methodology, Statistical Analysis, Quality Control","Quality Engineers, Manufacturing Supervisors, Operations Managers",Critical for manufacturing efficiency and cost reduction,"Gulfstream manufacturing excellence, Georgia-Pacific operational efficiency, Colonial Group process optimization - Manufacturing sector requires Six Sigma certification","Keywords: Six Sigma certification Savannah, lean manufacturing training Georgia, DMAIC methodology, process improvement courses, quality management | Meta: Six Sigma Green Belt certification for Savannah manufacturing sector | Schema: CourseInstance, QualityManagement"
Certificate in Leadership Development:https://catalog.mindedge.com/courses/suites/5610/certificate-in-leadership,Leadership Training,High,"Strategic Leadership, Team Building, Performance Management, Executive Presence","Emerging Leaders, Supervisors, Department Heads",Essential for leadership succession planning,"SCAD leadership development programs, Savannah Economic Development Authority capacity building, Step Up Savannah leadership training initiatives","Keywords: leadership development Savannah, executive training Georgia, strategic leadership certification, team building courses, management development | Meta: Leadership development certification for Savannah emerging leaders and supervisors | Schema: CourseInstance, LeadershipTraining"
Certificate in Cybersecurity:https://catalog.mindedge.com/courses/suites/2287/certificate-in-cybersecurity,Cybersecurity,Very High,"Network Security, Asset Security, Identity Management, Risk Assessment","IT Professionals, Security Analysts, System Administrators",Critical for digital security and compliance,"Gulfstream Aerospace IT security, Georgia-Pacific cybersecurity compliance, Colonial Group data protection, Port of Savannah critical infrastructure security","Keywords: cybersecurity certification Savannah, IT security training Georgia, network security courses, cyber compliance certification, information security | Meta: Cybersecurity certification for Savannah IT professionals and security analysts | Schema: CourseInstance, CybersecurityTraining"
Certificate in Data Analytics:https://catalog.mindedge.com/courses/suites/2473/certificate-in-data-analytics,Data Science,Very High,"Statistical Analysis, Data Visualization, Predictive Modeling, Business Intelligence","Data Analysts, Business Intelligence Professionals, Research Analysts",Essential for data-driven decision making,"Port of Savannah logistics analytics, SCAD enrollment and performance data, Gulfstream manufacturing analytics, healthcare system data analysis","Keywords: data analytics certification Savannah, data science training Georgia, business intelligence courses, statistical analysis certification, predictive modeling | Meta: Data analytics certification for Savannah data professionals and business analysts | Schema: CourseInstance, DataScience"
Certificate in Computer Skills for the Office:https://catalog.mindedge.com/courses/suites/8078/certificate-in-computer-skills-for-the-office,Digital Literacy,High,"Excel, Word, PowerPoint, Office Productivity, Data Entry","Administrative Staff, Office Workers, Entry-Level Professionals",Universal need for digital workplace skills,"All major Savannah employers: Walmart administrative staff, Colonial Group office workers, regional healthcare systems, government offices","Keywords: computer skills training Savannah, Microsoft Office certification Georgia, Excel training courses, digital literacy certification, office productivity | Meta: Computer skills certification for Savannah office workers and administrative staff | Schema: CourseInstance, DigitalLiteracy"
Application Development for Cloud Computing:https://catalog.mindedge.com/courses/courses/1630/application-development-for-cloud-computing,Cloud Technology,Very High,"Cloud Development, AWS, Application Architecture, DevOps, Scalability","Software Developers, IT Architects, Cloud Engineers",Critical for modern digital infrastructure,"Gulfstream engineering software, SCAD technology infrastructure, Port of Savannah digital systems, emerging tech startups through Savannah Entrepreneurial Center","Keywords: cloud computing certification Savannah, AWS training Georgia, application development courses, DevOps certification, cloud architecture | Meta: Cloud computing certification for Savannah software developers and IT architects | Schema: CourseInstance, CloudComputing"
Certificate in Digital Marketing:https://catalog.mindedge.com/courses/suites/3243/certificate-in-digital-marketing,Digital Marketing,High,"SEO, Social Media Marketing, Web Analytics, Content Marketing, PPC","Marketing Professionals, Small Business Owners, Communications Staff",Essential for modern marketing and business growth,"Savannah Tourism Board digital marketing, SCAD marketing programs, local business development through Savannah Chamber of Commerce, startup marketing support","Keywords: digital marketing certification Savannah, SEO training Georgia, social media marketing courses, web analytics certification, content marketing | Meta: Digital marketing certification for Savannah marketing professionals and small business owners | Schema: CourseInstance, DigitalMarketing"